image,label
0017e3a1-1730.jpg,0017e3a1-1730.txt
002559d6-3389.jpg,002559d6-3389.txt
003375ca-4512.jpg,003375ca-4512.txt
003b87fb-2652.jpg,003b87fb-2652.txt
00429d2a-481.jpg,00429d2a-481.txt
004860dc-348.jpg,004860dc-348.txt
00520667-1044.jpg,00520667-1044.txt
00697b75-279.jpg,00697b75-279.txt
006e54f6-1628.jpg,006e54f6-1628.txt
00731adf-1178.jpg,00731adf-1178.txt
0074cad2-799.jpg,0074cad2-799.txt
00894d18-994.jpg,00894d18-994.txt
008c9618-4157.jpg,008c9618-4157.txt
00922319-4540.jpg,00922319-4540.txt
00c1a7d2-1378.jpg,00c1a7d2-1378.txt
00c885ef-2164.jpg,00c885ef-2164.txt
00e17fe2-2826.jpg,00e17fe2-2826.txt
01203098-3040.jpg,01203098-3040.txt
01385e57-2528.jpg,01385e57-2528.txt
01571bed-3612.jpg,01571bed-3612.txt
0169db80-251.jpg,0169db80-251.txt
019d58ee-2042.jpg,019d58ee-2042.txt
019fddcf-229.jpg,019fddcf-229.txt
01bfb33e-3858.jpg,01bfb33e-3858.txt
01c3f71d-3973.jpg,01c3f71d-3973.txt
01cdd969-1916.jpg,01cdd969-1916.txt
01d011d4-3227.jpg,01d011d4-3227.txt
01d0bff4-2909.jpg,01d0bff4-2909.txt
01ebda4b-3811.jpg,01ebda4b-3811.txt
01f00c21-777.jpg,01f00c21-777.txt
01f9b378-2352.jpg,01f9b378-2352.txt
01fa1b1b-3988.jpg,01fa1b1b-3988.txt
0209cb22-192.jpg,0209cb22-192.txt
021bd37a-4083.jpg,021bd37a-4083.txt
02285be0-1426.jpg,02285be0-1426.txt
023e8c52-4627.jpg,023e8c52-4627.txt
024a9a6a-1259.jpg,024a9a6a-1259.txt
024ba7c7-3135.jpg,024ba7c7-3135.txt
024bf60b-75.jpg,024bf60b-75.txt
025a9bb4-3203.jpg,025a9bb4-3203.txt
0264dfbb-3113.jpg,0264dfbb-3113.txt
0266f3a7-1971.jpg,0266f3a7-1971.txt
02782b04-2044.jpg,02782b04-2044.txt
02837023-973.jpg,02837023-973.txt
0287c4f5-3295.jpg,0287c4f5-3295.txt
028cb873-2612.jpg,028cb873-2612.txt
02a618eb-3325.jpg,02a618eb-3325.txt
02b32284-1114.jpg,02b32284-1114.txt
02bb6b99-483.jpg,02bb6b99-483.txt
02bbab97-996.jpg,02bbab97-996.txt
02e347fe-4260.jpg,02e347fe-4260.txt
02e38158-3497.jpg,02e38158-3497.txt
02f4b69d-85.jpg,02f4b69d-85.txt
02f96953-1087.jpg,02f96953-1087.txt
0301dcb6-915.jpg,0301dcb6-915.txt
03146680-1731.jpg,03146680-1731.txt
0314a9d5-2744.jpg,0314a9d5-2744.txt
032f1e92-1386.jpg,032f1e92-1386.txt
032ff6b2-1923.jpg,032ff6b2-1923.txt
033024cc-3568.jpg,033024cc-3568.txt
0330f5dc-372.jpg,0330f5dc-372.txt
034823c6-3769.jpg,034823c6-3769.txt
034dd025-2500.jpg,034dd025-2500.txt
03546b2d-2179.jpg,03546b2d-2179.txt
0367674d-2475.jpg,0367674d-2475.txt
037553a5-1492.jpg,037553a5-1492.txt
0384b732-570.jpg,0384b732-570.txt
0398a5e8-846.jpg,0398a5e8-846.txt
039b6284-172.jpg,039b6284-172.txt
03bdc3ab-1771.jpg,03bdc3ab-1771.txt
03c01f08-4507.jpg,03c01f08-4507.txt
03c7349c-3423.jpg,03c7349c-3423.txt
03dc1cbe-2428.jpg,03dc1cbe-2428.txt
03e2dcb6-3969.jpg,03e2dcb6-3969.txt
03ed9014-1870.jpg,03ed9014-1870.txt
03f5297e-548.jpg,03f5297e-548.txt
04026bdf-3651.jpg,04026bdf-3651.txt
04182cd6-334.jpg,04182cd6-334.txt
042a9ce1-2405.jpg,042a9ce1-2405.txt
04306e68-3695.jpg,04306e68-3695.txt
04311ae0-317.jpg,04311ae0-317.txt
0435616a-2577.jpg,0435616a-2577.txt
0440ebd5-1073.jpg,0440ebd5-1073.txt
0442aa25-2234.jpg,0442aa25-2234.txt
04447bc1-1717.jpg,04447bc1-1717.txt
0451d25c-1331.jpg,0451d25c-1331.txt
04618b0f-3246.jpg,04618b0f-3246.txt
046c4047-2090.jpg,046c4047-2090.txt
0472a560-1318.jpg,0472a560-1318.txt
047e7284-1288.jpg,047e7284-1288.txt
048f6259-3960.jpg,048f6259-3960.txt
04af6103-3572.jpg,04af6103-3572.txt
04c51de9-4007.jpg,04c51de9-4007.txt
04e99fcb-2742.jpg,04e99fcb-2742.txt
04f18c77-2055.jpg,04f18c77-2055.txt
04fa0c7a-1282.jpg,04fa0c7a-1282.txt
051b7863-3175.jpg,051b7863-3175.txt
05412f28-2094.jpg,05412f28-2094.txt
057a734f-2616.jpg,057a734f-2616.txt
057aa94c-270.jpg,057aa94c-270.txt
057eda67-3319.jpg,057eda67-3319.txt
0581694b-4533.jpg,0581694b-4533.txt
0592eaaa-155.jpg,0592eaaa-155.txt
05964560-4355.jpg,05964560-4355.txt
059df5de-2773.jpg,059df5de-2773.txt
059fb2c1-1348.jpg,059fb2c1-1348.txt
05a46dd9-2488.jpg,05a46dd9-2488.txt
0602acf9-2419.jpg,0602acf9-2419.txt
0607e4a0-2673.jpg,0607e4a0-2673.txt
063aee69-1975.jpg,063aee69-1975.txt
064752fe-4251.jpg,064752fe-4251.txt
064f059d-3810.jpg,064f059d-3810.txt
065096e7-636.jpg,065096e7-636.txt
